"name","category","rating","review_count","size","install_count","type","price","content_rating","genres"
"Photo Editor & Candy Camera & Grid & ScrapBook","ART_AND_DESIGN",4.1,159,"19M","10,000+","Free","0","Everyone","Art & Design"
"Coloring book moana","ART_AND_DESIGN",3.9,967,"14M","500,000+","Free","0","Everyone","Art & Design;Pretend Play"
"U Launcher Lite – FREE Live Cool Themes, Hide Apps","ART_AND_DESIGN",4.7,87510,"8.7M","5,000,000+","Free","0","Everyone","Art & Design"
"Sketch - Draw & Paint","ART_AND_DESIGN",4.5,215644,"25M","50,000,000+","Free","0","Teen","Art & Design"
"Pixel Draw - Number Art Coloring Book","ART_AND_DESIGN",4.3,967,"2.8M","100,000+","Free","0","Everyone","Art & Design;Creativity"
"Paper flowers instructions","ART_AND_DESIGN",4.4,167,"5.6M","50,000+","Free","0","Everyone","Art & Design"
"Smoke Effect Photo Maker - Smoke Editor","ART_AND_DESIGN",3.8,178,"19M","50,000+","Free","0","Everyone","Art & Design"
"Infinite Painter","ART_AND_DESIGN",4.1,36815,"29M","1,000,000+","Free","0","Everyone","Art & Design"
"Garden Coloring Book","ART_AND_DESIGN",4.4,13791,"33M","1,000,000+","Free","0","Everyone","Art & Design"
"Kids Paint Free - Drawing Fun","ART_AND_DESIGN",4.7,121,"3.1M","10,000+","Free","0","Everyone","Art & Design;Creativity"
"Text on Photo - Fonteee","ART_AND_DESIGN",4.4,13880,"28M","1,000,000+","Free","0","Everyone","Art & Design"
"Name Art Photo Editor - Focus n Filters","ART_AND_DESIGN",4.4,8788,"12M","1,000,000+","Free","0","Everyone","Art & Design"
"Tattoo Name On My Photo Editor","ART_AND_DESIGN",4.2,44829,"20M","10,000,000+","Free","0","Teen","Art & Design"
"Mandala Coloring Book","ART_AND_DESIGN",4.6,4326,"21M","100,000+","Free","0","Everyone","Art & Design"
"3D Color Pixel by Number - Sandbox Art Coloring","ART_AND_DESIGN",4.4,1518,"37M","100,000+","Free","0","Everyone","Art & Design"
"Learn To Draw Kawaii Characters","ART_AND_DESIGN",3.2,55,"2.7M","5,000+","Free","0","Everyone","Art & Design"
"Photo Designer - Write your name with shapes","ART_AND_DESIGN",4.7,3632,"5.5M","500,000+","Free","0","Everyone","Art & Design"
"350 Diy Room Decor Ideas","ART_AND_DESIGN",4.5,27,"17M","10,000+","Free","0","Everyone","Art & Design"
"FlipaClip - Cartoon animation","ART_AND_DESIGN",4.3,194216,"39M","5,000,000+","Free","0","Everyone","Art & Design"
"ibis Paint X","ART_AND_DESIGN",4.6,224399,"31M","10,000,000+","Free","0","Everyone","Art & Design"
"Logo Maker - Small Business","ART_AND_DESIGN",4.0,450,"14M","100,000+","Free","0","Everyone","Art & Design"
"Boys Photo Editor - Six Pack & Men's Suit","ART_AND_DESIGN",4.1,654,"12M","100,000+","Free","0","Everyone","Art & Design"
"Superheroes Wallpapers | 4K Backgrounds","ART_AND_DESIGN",4.7,7699,"4.2M","500,000+","Free","0","Everyone 10+","Art & Design"
"Mcqueen Coloring pages","ART_AND_DESIGN",NULL,61,"7.0M","100,000+","Free","0","Everyone","Art & Design;Action & Adventure"
"HD Mickey Minnie Wallpapers","ART_AND_DESIGN",4.7,118,"23M","50,000+","Free","0","Everyone","Art & Design"
"Harley Quinn wallpapers HD","ART_AND_DESIGN",4.8,192,"6.0M","10,000+","Free","0","Everyone","Art & Design"
"Colorfit - Drawing & Coloring","ART_AND_DESIGN",4.7,20260,"25M","500,000+","Free","0","Everyone","Art & Design;Creativity"
"Animated Photo Editor","ART_AND_DESIGN",4.1,203,"6.1M","100,000+","Free","0","Everyone","Art & Design"
"Pencil Sketch Drawing","ART_AND_DESIGN",3.9,136,"4.6M","10,000+","Free","0","Everyone","Art & Design"
"Easy Realistic Drawing Tutorial","ART_AND_DESIGN",4.1,223,"4.2M","100,000+","Free","0","Everyone","Art & Design"
"Pink Silver Bow Keyboard Theme","ART_AND_DESIGN",4.2,1120,"9.2M","100,000+","Free","0","Everyone","Art & Design"
"Art Drawing Ideas","ART_AND_DESIGN",4.1,227,"5.2M","50,000+","Free","0","Everyone","Art & Design"
"Anime Manga Coloring Book","ART_AND_DESIGN",4.5,5035,"11M","100,000+","Free","0","Everyone","Art & Design"
"Easy Origami Ideas","ART_AND_DESIGN",4.2,1015,"11M","100,000+","Free","0","Everyone","Art & Design"
"I Creative Idea","ART_AND_DESIGN",4.7,353,"4.2M","10,000+","Free","0","Teen","Art & Design"
"How to draw Ladybug and Cat Noir","ART_AND_DESIGN",3.8,564,"9.2M","100,000+","Free","0","Everyone","Art & Design"
"UNICORN - Color By Number & Pixel Art Coloring","ART_AND_DESIGN",4.7,8145,"24M","500,000+","Free","0","Everyone","Art & Design;Creativity"
"Floor Plan Creator","ART_AND_DESIGN",4.1,36639,"Varies with device","5,000,000+","Free","0","Everyone","Art & Design"
"PIP Camera - PIP Collage Maker","ART_AND_DESIGN",4.7,158,"11M","10,000+","Free","0","Everyone","Art & Design"
"How To Color Disney Princess - Coloring Pages","ART_AND_DESIGN",4.0,591,"9.4M","500,000+","Free","0","Everyone","Art & Design"
"Drawing Clothes Fashion Ideas","ART_AND_DESIGN",4.2,117,"15M","10,000+","Free","0","Everyone","Art & Design"
"Sad Poetry Photo Frames 2018","ART_AND_DESIGN",4.5,176,"10M","100,000+","Free","0","Everyone","Art & Design"
"Textgram - write on photos","ART_AND_DESIGN",4.4,295221,"Varies with device","10,000,000+","Free","0","Everyone","Art & Design"
"Paint Splash!","ART_AND_DESIGN",3.8,2206,"1.2M","100,000+","Free","0","Everyone","Art & Design;Creativity"
"Popsicle Sticks and Similar DIY Craft Ideas","ART_AND_DESIGN",4.2,26,"12M","10,000+","Free","0","Everyone","Art & Design"
"Canva: Poster, banner, card maker & graphic design","ART_AND_DESIGN",4.7,174531,"24M","10,000,000+","Free","0","Everyone","Art & Design"
"Install images with music to make video without Net - 2018","ART_AND_DESIGN",4.6,1070,"26M","100,000+","Free","0","Everyone","Art & Design"
"Little Teddy Bear Colouring Book Game","ART_AND_DESIGN",4.2,85,"8.0M","100,000+","Free","0","Everyone","Art & Design"
"How To Draw Food","ART_AND_DESIGN",4.3,845,"7.9M","100,000+","Free","0","Everyone","Art & Design"
"Monster Truck Stunt 3D 2019","AUTO_AND_VEHICLES",4.2,367,"25M","100,000+","Free","0","Everyone","Auto & Vehicles"
"Real Tractor Farming","AUTO_AND_VEHICLES",4.0,1598,"56M","1,000,000+","Free","0","Everyone","Auto & Vehicles"
"Ultimate F1 Racing Championship","AUTO_AND_VEHICLES",3.8,284,"57M","100,000+","Free","0","Everyone","Auto & Vehicles"
"Used Cars and Trucks for Sale","AUTO_AND_VEHICLES",4.6,17057,"Varies with device","1,000,000+","Free","0","Everyone","Auto & Vehicles"
"American Muscle Car Race","AUTO_AND_VEHICLES",3.9,129,"35M","100,000+","Free","0","Everyone","Auto & Vehicles"
"Offroad Oil Tanker Driver Transport Truck 2019","AUTO_AND_VEHICLES",4.3,542,"33M","100,000+","Free","0","Everyone","Auto & Vehicles"
"Tickets SDA 2018 and Exam from the State Traffic Safety Inspectorate with Drom.ru","AUTO_AND_VEHICLES",4.9,10479,"33M","100,000+","Free","0","Everyone","Auto & Vehicles"
"Gas Prices (Germany only)","AUTO_AND_VEHICLES",4.4,805,"5.6M","50,000+","Free","0","Everyone","Auto & Vehicles"
"Extreme Rally Championship","AUTO_AND_VEHICLES",4.2,129,"54M","100,000+","Free","0","Everyone","Auto & Vehicles"
"Restart Navigator","AUTO_AND_VEHICLES",4.0,1403,"201k","100,000+","Free","0","Everyone","Auto & Vehicles"
"Mirror Camera (Mirror + Selfie Camera)","BEAUTY",4.1,9315,"2.6M","1,000,000+","Free","0","Everyone","Beauty"
"REG - Check the regnumber, find information about Swedish vehicles","AUTO_AND_VEHICLES",3.9,3971,"3.6M","100,000+","Free","0","Everyone","Auto & Vehicles"
"CityBus Lviv","AUTO_AND_VEHICLES",4.6,534,"5.7M","10,000+","Free","0","Everyone","Auto & Vehicles"
"CDL Practice Test 2018 Edition","AUTO_AND_VEHICLES",4.9,7774,"17M","100,000+","Free","0","Everyone","Auto & Vehicles"
"ezETC (ETC balance inquiry, meter trial, real-time traffic)","AUTO_AND_VEHICLES",4.3,38846,"8.6M","1,000,000+","Free","0","Everyone","Auto & Vehicles"
"Free VIN Report for Used Cars","AUTO_AND_VEHICLES",4.6,2431,"2.4M","100,000+","Free","0","Everyone","Auto & Vehicles"
"DMV Permit Practice Test 2018 Edition","AUTO_AND_VEHICLES",4.9,6090,"27M","100,000+","Free","0","Everyone","Auto & Vehicles"
"Check Vehicle Tax","AUTO_AND_VEHICLES",3.9,295,"2.7M","10,000+","Free","0","Everyone","Auto & Vehicles"
"Used Cars Mexico","AUTO_AND_VEHICLES",4.0,190,"2.5M","50,000+","Free","0","Everyone","Auto & Vehicles"
"Ulysse Speedometer","AUTO_AND_VEHICLES",4.3,40211,"Varies with device","5,000,000+","Free","0","Everyone","Auto & Vehicles"
"REPUVE","AUTO_AND_VEHICLES",3.9,356,"Varies with device","100,000+","Free","0","Everyone","Auto & Vehicles"
"Used cars for sale - Trovit","AUTO_AND_VEHICLES",4.2,52530,"7.0M","5,000,000+","Free","0","Everyone","Auto & Vehicles"
"Fines of the State Traffic Safety Inspectorate are official: inspection, payment of fines","AUTO_AND_VEHICLES",4.8,116986,"35M","5,000,000+","Free","0","Everyone","Auto & Vehicles"
"SK Enca Direct Malls - Used Cars Search","AUTO_AND_VEHICLES",3.6,1379,"16M","500,000+","Free","0","Everyone","Auto & Vehicles"
"Android Auto - Maps, Media, Messaging & Voice","AUTO_AND_VEHICLES",4.2,271920,"16M","10,000,000+","Free","0","Teen","Auto & Vehicles"
"PDD-UA","AUTO_AND_VEHICLES",4.8,736,"Varies with device","100,000+","Free","0","Everyone","Auto & Vehicles"
"Tickets SDA 2019 + Exam RF","AUTO_AND_VEHICLES",4.8,7021,"17M","500,000+","Free","0","Everyone","Auto & Vehicles"
"Super Cars Wallpapers And Backgrounds","AUTO_AND_VEHICLES",4.6,197,"3.4M","50,000+","Free","0","Everyone","Auto & Vehicles"
"Police Lights, Sirens & Follow Me","AUTO_AND_VEHICLES",4.5,737,"8.9M","100,000+","Free","0","Everyone","Auto & Vehicles"
"Police Detector (Speed Camera Radar)","AUTO_AND_VEHICLES",4.3,3574,"3.9M","1,000,000+","Free","0","Everyone 10+","Auto & Vehicles"
"Best Car Wallpapers","AUTO_AND_VEHICLES",4.5,994,"2.9M","100,000+","Free","0","Everyone","Auto & Vehicles"
"Tickets + PDA 2018 Exam","AUTO_AND_VEHICLES",4.9,197136,"38M","1,000,000+","Free","0","Everyone","Auto & Vehicles"
"Pick Your Part Garage","AUTO_AND_VEHICLES",3.9,142,"32M","50,000+","Free","0","Everyone","Auto & Vehicles"
"PakWheels: Buy & Sell Cars","AUTO_AND_VEHICLES",4.4,15168,"37M","1,000,000+","Free","0","Everyone","Auto & Vehicles"
"Supervision service","AUTO_AND_VEHICLES",4.0,2155,"15M","500,000+","Free","0","Everyone","Auto & Vehicles"
"Speed Camera Detector - Traffic & Speed Alert","AUTO_AND_VEHICLES",4.3,138,"5.4M","100,000+","Free","0","Everyone","Auto & Vehicles"
"Used car search Goo net whole car Go to net","AUTO_AND_VEHICLES",3.7,5414,"18M","1,000,000+","Free","0","Everyone","Auto & Vehicles"
"CarMax – Cars for Sale: Search Used Car Inventory","AUTO_AND_VEHICLES",4.4,21777,"Varies with device","1,000,000+","Free","0","Everyone","Auto & Vehicles"
"BEST CAR SOUNDS","AUTO_AND_VEHICLES",4.3,348,"38M","100,000+","Free","0","Everyone","Auto & Vehicles"
"RST - Sale of cars on the PCT","AUTO_AND_VEHICLES",3.2,250,"1.1M","100,000+","Free","0","Everyone","Auto & Vehicles"
"AutoScout24 Switzerland – Find your new car","AUTO_AND_VEHICLES",4.6,13372,"Varies with device","1,000,000+","Free","0","Everyone","Auto & Vehicles"
"Zona Azul Digital Fácil SP CET - OFFICIAL São Paulo","AUTO_AND_VEHICLES",4.6,7880,"Varies with device","100,000+","Free","0","Everyone","Auto & Vehicles"
"SMS Park","AUTO_AND_VEHICLES",4.5,3617,"7.9M","100,000+","Free","0","Everyone","Auto & Vehicles"
"SKencar","AUTO_AND_VEHICLES",3.7,4806,"35M","1,000,000+","Free","0","Everyone","Auto & Vehicles"
"Fuelio: Gas log & costs","AUTO_AND_VEHICLES",4.6,65786,"Varies with device","1,000,000+","Free","0","Everyone","Auto & Vehicles"
"auto fines","AUTO_AND_VEHICLES",4.6,31433,"17M","1,000,000+","Free","0","Everyone","Auto & Vehicles"
"Used car is the first car - used car purchase, used car quotation, dealer information to","AUTO_AND_VEHICLES",4.6,5097,"19M","1,000,000+","Free","0","Everyone","Auto & Vehicles"
"All of the parking lot - National Park application (parking lot search / parking sharing / discount payment)","AUTO_AND_VEHICLES",4.0,1754,"14M","500,000+","Free","0","Everyone","Auto & Vehicles"
"Inquiry Fines and Debits of Vehicles","AUTO_AND_VEHICLES",4.4,2680,"2.2M","500,000+","Free","0","Everyone","Auto & Vehicles"
"Gas Station","AUTO_AND_VEHICLES",4.0,1288,"4.5M","100,000+","Free","0","Everyone","Auto & Vehicles"
"Hush - Beauty for Everyone","BEAUTY",4.7,18900,"17M","500,000+","Free","0","Everyone","Beauty"
